-- Drop data
DELETE FROM student_lecture;
DELETE FROM lecture;
DELETE FROM audience;
DELETE FROM student;
DELETE FROM teacher;

-- Table: student

INSERT INTO student(id, first_name, last_name) VALUES (1, 'Rick', 'Novak');
INSERT INTO student(id, first_name, last_name) VALUES (2, 'Susan', 'Connor');
INSERT INTO student(id, first_name, last_name) VALUES (3, 'Margaret', 'Adelman');
INSERT INTO student(id, first_name, last_name) VALUES (4, 'Ronald', 'Barr');
INSERT INTO student(id, first_name, last_name) VALUES (5, 'Marie', 'Broadbet');
INSERT INTO student(id, first_name, last_name) VALUES (6, 'Roger', 'Lum');
INSERT INTO student(id, first_name, last_name) VALUES (7, 'Marlene', 'Foster');
INSERT INTO student(id, first_name, last_name) VALUES (8, 'Jeff', 'Johnson');
INSERT INTO student(id, first_name, last_name) VALUES (9, 'Melvin', 'Forbis');
INSERT INTO student(id, first_name, last_name) VALUES (10, 'Tom', 'Taylor');
INSERT INTO student(id, first_name, last_name) VALUES (11, 'Xabi', 'Alonso');
INSERT INTO student(id, first_name, last_name) VALUES (12, 'Miguel', 'Thomas');

-- Table: teacher

INSERT INTO teacher(id, first_name, last_name) VALUES (1, 'Emma', 'Richardson');
INSERT INTO teacher(id, first_name, last_name) VALUES (2, 'Olivia', 'Perry');
INSERT INTO teacher(id, first_name, last_name) VALUES (3, 'William', 'Long');
INSERT INTO teacher(id, first_name, last_name) VALUES (4, 'Sophia', 'Martinez');
INSERT INTO teacher(id, first_name, last_name) VALUES (5, 'Olivia', 'Hughes');
INSERT INTO teacher(id, first_name, last_name) VALUES (6, 'William', 'Jones');
INSERT INTO teacher(id, first_name, last_name) VALUES (7, 'Mason', 'Young');
INSERT INTO teacher(id, first_name, last_name) VALUES (8, 'Madison', 'Carter');
INSERT INTO teacher(id, first_name, last_name) VALUES (9, 'Liam', 'Peterson');
INSERT INTO teacher(id, first_name, last_name) VALUES (10, 'Robert', 'Hall');
INSERT INTO teacher(id, first_name, last_name) VALUES (11, 'Gary', 'Cole');
INSERT INTO teacher(id, first_name, last_name) VALUES (12, 'Marie', 'Jane');

-- Table: audience
INSERT INTO audience(id, name) VALUES (1, 'A-100');
INSERT INTO audience(id, name) VALUES (2, 'B-214');
INSERT INTO audience(id, name) VALUES (3, 'A-512');
INSERT INTO audience(id, name) VALUES (4, 'C-324');
INSERT INTO audience(id, name) VALUES (5, 'A-105');
INSERT INTO audience(id, name) VALUES (6, 'D-412');
INSERT INTO audience(id, name) VALUES (7, 'C-128');
INSERT INTO audience(id, name) VALUES (8, 'B-331');
INSERT INTO audience(id, name) VALUES (9, 'D-217');
INSERT INTO audience(id, name) VALUES (10, 'A-523');
INSERT INTO audience(id, name) VALUES (11, 'D-104');
INSERT INTO audience(id, name) VALUES (12, 'C- 520');

-- Table: lecture


INSERT INTO lecture(id, date, name, teacher_id, time, audience_id) VALUES (1, '2022-01-26', 'psychology', 3, '12:00:00', 5);
INSERT INTO lecture(id, date, name, teacher_id, time, audience_id) VALUES (2, '2022-01-28', 'physics', 5, '14:00:00', 2);
INSERT INTO lecture(id, date, name, teacher_id, time, audience_id) VALUES (3, '2022-01-26', 'design', 6, '15:30:00', 9);
INSERT INTO lecture(id, date, name, teacher_id, time, audience_id) VALUES (4, '2022-01-27', 'drawing', 6, '08:45:00', 7);
INSERT INTO lecture(id, date, name, teacher_id, time, audience_id) VALUES (5, '2022-02-04', 'mathematic', 1, '10:15:00', 3);
INSERT INTO lecture(id, date, name, teacher_id, time, audience_id) VALUES (6, '2022-01-29', 'jurisprudence', 8, '16:00:00', 4);
INSERT INTO lecture(id, date, name, teacher_id, time, audience_id) VALUES (7, '2022-01-30', 'literature', 9, '17:20:00', 5);
INSERT INTO lecture(id, date, name, teacher_id, time, audience_id) VALUES (8, '2022-01-28', 'philosophy', 3, '11:30:00', 6);
INSERT INTO lecture(id, date, name, teacher_id, time, audience_id) VALUES (9, '2022-02-03', 'labor protection', 2, '10:00:00', 8);
INSERT INTO lecture(id, date, name, teacher_id, time, audience_id) VALUES (10, '2022-01-27', 'informatics', 4, '11:05:00', 10);
INSERT INTO lecture(id, date, name, teacher_id, time, audience_id) VALUES (11, '2022-01-29', 'mechanics', 7, '12:00:00', 12);
INSERT INTO lecture(id, date, name, teacher_id, time, audience_id) VALUES (12, '2022-01-30', 'processes and devices', 10, '09:00:00', 11);
INSERT INTO lecture(id, date, name, teacher_id, time, audience_id) VALUES (13, '2022-02-01', 'physics', 5, '14:00:00', 3);
INSERT INTO lecture(id, date, name, teacher_id, time, audience_id) VALUES (14, '2022-02-03', 'physical education', 8, '13:10:00', 11);
INSERT INTO lecture(id, date, name, teacher_id, time, audience_id) VALUES (15, '2022-02-01', 'history', 10, '12:00:00', 6);
INSERT INTO lecture(id, date, name, teacher_id, time, audience_id) VALUES (16, '2022-01-30', 'cultural studies', 12, '13:10:00', 9);
INSERT INTO lecture(id, date, name, teacher_id, time, audience_id) VALUES (17, '2022-02-26', 'economics', 11, '08:45:00', 7);
INSERT INTO lecture(id, date, name, teacher_id, time, audience_id) VALUES (18, '2022-01-29', 'drawing', 6, '08:45:00', 5);

-- Table: student_lecture

INSERT INTO student_lecture(student_id, lecture_id) VALUES (1,1);
INSERT INTO student_lecture(student_id, lecture_id) VALUES (2,3);
INSERT INTO student_lecture(student_id, lecture_id) VALUES (1,3);
INSERT INTO student_lecture(student_id, lecture_id) VALUES (1,4);
INSERT INTO student_lecture(student_id, lecture_id) VALUES (1,2);
INSERT INTO student_lecture(student_id, lecture_id) VALUES (1,6);
INSERT INTO student_lecture(student_id, lecture_id) VALUES (1,13);
INSERT INTO student_lecture(student_id, lecture_id) VALUES (1,15);
INSERT INTO student_lecture(student_id, lecture_id) VALUES (1,18);
INSERT INTO student_lecture(student_id, lecture_id) VALUES (1,14);
INSERT INTO student_lecture(student_id, lecture_id) VALUES (2,1);
INSERT INTO student_lecture(student_id, lecture_id) VALUES (2,4);
INSERT INTO student_lecture(student_id, lecture_id) VALUES (2,10);
INSERT INTO student_lecture(student_id, lecture_id) VALUES (2,2);
INSERT INTO student_lecture(student_id, lecture_id) VALUES (2,6);
INSERT INTO student_lecture(student_id, lecture_id) VALUES (2,11);
INSERT INTO student_lecture(student_id, lecture_id) VALUES (2,18);
INSERT INTO student_lecture(student_id, lecture_id) VALUES (2,13);
INSERT INTO student_lecture(student_id, lecture_id) VALUES (2,15);
INSERT INTO student_lecture(student_id, lecture_id) VALUES (2,14);
INSERT INTO student_lecture(student_id, lecture_id) VALUES (3,3);
INSERT INTO student_lecture(student_id, lecture_id) VALUES (3,4);
INSERT INTO student_lecture(student_id, lecture_id) VALUES (3,10);
INSERT INTO student_lecture(student_id, lecture_id) VALUES (3,2);
INSERT INTO student_lecture(student_id, lecture_id) VALUES (3,8);
INSERT INTO student_lecture(student_id, lecture_id) VALUES (3,6);
INSERT INTO student_lecture(student_id, lecture_id) VALUES (3,11);
INSERT INTO student_lecture(student_id, lecture_id) VALUES (3,12);
INSERT INTO student_lecture(student_id, lecture_id) VALUES (3,13);
INSERT INTO student_lecture(student_id, lecture_id) VALUES (3,15);
INSERT INTO student_lecture(student_id, lecture_id) VALUES (3,14);
INSERT INTO student_lecture(student_id, lecture_id) VALUES (4,1);
INSERT INTO student_lecture(student_id, lecture_id) VALUES (4,3);
INSERT INTO student_lecture(student_id, lecture_id) VALUES (4,17);
INSERT INTO student_lecture(student_id, lecture_id) VALUES (4,4);
INSERT INTO student_lecture(student_id, lecture_id) VALUES (4,10);
INSERT INTO student_lecture(student_id, lecture_id) VALUES (4,2);
INSERT INTO student_lecture(student_id, lecture_id) VALUES (4,8);
INSERT INTO student_lecture(student_id, lecture_id) VALUES (4,6);
INSERT INTO student_lecture(student_id, lecture_id) VALUES (4,11);
INSERT INTO student_lecture(student_id, lecture_id) VALUES (4,18);
INSERT INTO student_lecture(student_id, lecture_id) VALUES (4,7);
INSERT INTO student_lecture(student_id, lecture_id) VALUES (4,12);
INSERT INTO student_lecture(student_id, lecture_id) VALUES (4,16);
INSERT INTO student_lecture(student_id, lecture_id) VALUES (4,13);
INSERT INTO student_lecture(student_id, lecture_id) VALUES (4,15);
INSERT INTO student_lecture(student_id, lecture_id) VALUES (4,9);
INSERT INTO student_lecture(student_id, lecture_id) VALUES (4,14);
INSERT INTO student_lecture(student_id, lecture_id) VALUES (4,5);
INSERT INTO student_lecture(student_id, lecture_id) VALUES (5,4);
INSERT INTO student_lecture(student_id, lecture_id) VALUES (5,10);
INSERT INTO student_lecture(student_id, lecture_id) VALUES (5,2);
INSERT INTO student_lecture(student_id, lecture_id) VALUES (5,6);
INSERT INTO student_lecture(student_id, lecture_id) VALUES (5,11);
INSERT INTO student_lecture(student_id, lecture_id) VALUES (5,18);
INSERT INTO student_lecture(student_id, lecture_id) VALUES (5,7);
INSERT INTO student_lecture(student_id, lecture_id) VALUES (5,12);
INSERT INTO student_lecture(student_id, lecture_id) VALUES (5,16);
INSERT INTO student_lecture(student_id, lecture_id) VALUES (5,15);
INSERT INTO student_lecture(student_id, lecture_id) VALUES (5,9);
INSERT INTO student_lecture(student_id, lecture_id) VALUES (5,14);
INSERT INTO student_lecture(student_id, lecture_id) VALUES (6,1);
INSERT INTO student_lecture(student_id, lecture_id) VALUES (6,10);
INSERT INTO student_lecture(student_id, lecture_id) VALUES (6,2);
INSERT INTO student_lecture(student_id, lecture_id) VALUES (6,8);
INSERT INTO student_lecture(student_id, lecture_id) VALUES (6,6);
INSERT INTO student_lecture(student_id, lecture_id) VALUES (6,11);
INSERT INTO student_lecture(student_id, lecture_id) VALUES (6,7);
INSERT INTO student_lecture(student_id, lecture_id) VALUES (6,12);
INSERT INTO student_lecture(student_id, lecture_id) VALUES (6,16);
INSERT INTO student_lecture(student_id, lecture_id) VALUES (6,13);
INSERT INTO student_lecture(student_id, lecture_id) VALUES (6,15);
INSERT INTO student_lecture(student_id, lecture_id) VALUES (6,9);
INSERT INTO student_lecture(student_id, lecture_id) VALUES (6,14);
INSERT INTO student_lecture(student_id, lecture_id) VALUES (7,1);
INSERT INTO student_lecture(student_id, lecture_id) VALUES (7,3);
INSERT INTO student_lecture(student_id, lecture_id) VALUES (7,17);
INSERT INTO student_lecture(student_id, lecture_id) VALUES (7,4);
INSERT INTO student_lecture(student_id, lecture_id) VALUES (7,10);
INSERT INTO student_lecture(student_id, lecture_id) VALUES (7,2);
INSERT INTO student_lecture(student_id, lecture_id) VALUES (7,8);
INSERT INTO student_lecture(student_id, lecture_id) VALUES (7,6);
INSERT INTO student_lecture(student_id, lecture_id) VALUES (7,11);
INSERT INTO student_lecture(student_id, lecture_id) VALUES (7,18);
INSERT INTO student_lecture(student_id, lecture_id) VALUES (7,7);
INSERT INTO student_lecture(student_id, lecture_id) VALUES (7,12);
INSERT INTO student_lecture(student_id, lecture_id) VALUES (7,16);
INSERT INTO student_lecture(student_id, lecture_id) VALUES (7,13);
INSERT INTO student_lecture(student_id, lecture_id) VALUES (7,15);
INSERT INTO student_lecture(student_id, lecture_id) VALUES (7,9);
INSERT INTO student_lecture(student_id, lecture_id) VALUES (7,14);
INSERT INTO student_lecture(student_id, lecture_id) VALUES (7,5);
INSERT INTO student_lecture(student_id, lecture_id) VALUES (8,1);
INSERT INTO student_lecture(student_id, lecture_id) VALUES (8,4);
INSERT INTO student_lecture(student_id, lecture_id) VALUES (8,10);
INSERT INTO student_lecture(student_id, lecture_id) VALUES (8,2);
INSERT INTO student_lecture(student_id, lecture_id) VALUES (8,6);
INSERT INTO student_lecture(student_id, lecture_id) VALUES (8,11);
INSERT INTO student_lecture(student_id, lecture_id) VALUES (8,18);
INSERT INTO student_lecture(student_id, lecture_id) VALUES (8,13);
INSERT INTO student_lecture(student_id, lecture_id) VALUES (8,15);
INSERT INTO student_lecture(student_id, lecture_id) VALUES (8,14);
INSERT INTO student_lecture(student_id, lecture_id) VALUES (9,1);
INSERT INTO student_lecture(student_id, lecture_id) VALUES (9,3);
INSERT INTO student_lecture(student_id, lecture_id) VALUES (9,17);
INSERT INTO student_lecture(student_id, lecture_id) VALUES (9,2);
INSERT INTO student_lecture(student_id, lecture_id) VALUES (9,8);
INSERT INTO student_lecture(student_id, lecture_id) VALUES (9,6);
INSERT INTO student_lecture(student_id, lecture_id) VALUES (9,18);
INSERT INTO student_lecture(student_id, lecture_id) VALUES (9,12);
INSERT INTO student_lecture(student_id, lecture_id) VALUES (9,16);
INSERT INTO student_lecture(student_id, lecture_id) VALUES (9,15);
INSERT INTO student_lecture(student_id, lecture_id) VALUES (9,9);
INSERT INTO student_lecture(student_id, lecture_id) VALUES (9,14);
INSERT INTO student_lecture(student_id, lecture_id) VALUES (10,1);
INSERT INTO student_lecture(student_id, lecture_id) VALUES (10,3);
INSERT INTO student_lecture(student_id, lecture_id) VALUES (10,17);
INSERT INTO student_lecture(student_id, lecture_id) VALUES (10,4);
INSERT INTO student_lecture(student_id, lecture_id) VALUES (10,10);
INSERT INTO student_lecture(student_id, lecture_id) VALUES (10,2);
INSERT INTO student_lecture(student_id, lecture_id) VALUES (10,8);
INSERT INTO student_lecture(student_id, lecture_id) VALUES (10,6);
INSERT INTO student_lecture(student_id, lecture_id) VALUES (10,11);
INSERT INTO student_lecture(student_id, lecture_id) VALUES (10,18);
INSERT INTO student_lecture(student_id, lecture_id) VALUES (10,7);
INSERT INTO student_lecture(student_id, lecture_id) VALUES (10,12);
INSERT INTO student_lecture(student_id, lecture_id) VALUES (10,16);
INSERT INTO student_lecture(student_id, lecture_id) VALUES (10,13);
INSERT INTO student_lecture(student_id, lecture_id) VALUES (10,15);
INSERT INTO student_lecture(student_id, lecture_id) VALUES (10,5);
INSERT INTO student_lecture(student_id, lecture_id) VALUES (11,4);
INSERT INTO student_lecture(student_id, lecture_id) VALUES (11,10);
INSERT INTO student_lecture(student_id, lecture_id) VALUES (11,2);
INSERT INTO student_lecture(student_id, lecture_id) VALUES (11,6);
INSERT INTO student_lecture(student_id, lecture_id) VALUES (11,11);
INSERT INTO student_lecture(student_id, lecture_id) VALUES (11,18);
INSERT INTO student_lecture(student_id, lecture_id) VALUES (11,7);
INSERT INTO student_lecture(student_id, lecture_id) VALUES (11,12);
INSERT INTO student_lecture(student_id, lecture_id) VALUES (11,16);
INSERT INTO student_lecture(student_id, lecture_id) VALUES (11,15);
INSERT INTO student_lecture(student_id, lecture_id) VALUES (11,9);
INSERT INTO student_lecture(student_id, lecture_id) VALUES (11,14);
INSERT INTO student_lecture(student_id, lecture_id) VALUES (11,5);
INSERT INTO student_lecture(student_id, lecture_id) VALUES (12,1);
INSERT INTO student_lecture(student_id, lecture_id) VALUES (12,17);
INSERT INTO student_lecture(student_id, lecture_id) VALUES (12,10);
INSERT INTO student_lecture(student_id, lecture_id) VALUES (12,2);
INSERT INTO student_lecture(student_id, lecture_id) VALUES (12,8);
INSERT INTO student_lecture(student_id, lecture_id) VALUES (12,6);
INSERT INTO student_lecture(student_id, lecture_id) VALUES (12,11);
INSERT INTO student_lecture(student_id, lecture_id) VALUES (12,18);
INSERT INTO student_lecture(student_id, lecture_id) VALUES (12,12);
INSERT INTO student_lecture(student_id, lecture_id) VALUES (12,16);
INSERT INTO student_lecture(student_id, lecture_id) VALUES (12,13);
INSERT INTO student_lecture(student_id, lecture_id) VALUES (12,15);
INSERT INTO student_lecture(student_id, lecture_id) VALUES (12,14);
INSERT INTO student_lecture(student_id, lecture_id) VALUES (12,5);




